,player_id,player_name
0,00-0019596,T.Brady
1,00-0020531,D.Brees
2,00-0020679,S.Hill
3,00-0021206,J.McCown
4,00-0021429,C.Palmer
5,00-0021678,T.Romo
6,00-0022787,M.Schaub
7,00-0022803,E.Manning
8,00-0022824,A.Lee
9,00-0022921,L.Fitzgerald
10,00-0022924,B.Roethlisberger
11,00-0022942,P.Rivers
12,00-0023436,A.Smith
13,00-0023459,Aa.Rodgers
14,00-0023645,D.Anderson
15,00-0023662,M.Cassel
16,00-0023682,R.Fitzpatrick
17,00-0023742,J.Ryan
18,00-0023853,M.Prater
19,00-0024226,J.Cutler
20,00-0024264,K.Clemens
21,00-0024296,C.Whitehurst
22,00-0024417,S.Koch
23,00-0025430,D.Stanton
24,00-0025708,M.Moore
25,00-0025825,B.Kern
26,00-0026035,D.Amendola
27,00-0026143,M.Ryan
28,00-0026158,J.Flacco
29,00-0026197,C.Henne
30,00-0026300,J.Johnson
31,00-0026498,M.Stafford
32,00-0026544,C.Daniel
33,00-0026625,B.Hoyer
34,00-0026898,M.Sanchez
35,00-0027145,P.McAfee
36,00-0027150,J.Edelman
37,00-0027685,E.Sanders
38,00-0027688,C.McCoy
39,00-0027793,A.Brown
40,00-0027796,J.Webb
41,00-0027854,S.Bradford
42,00-0027891,G.Tate
43,00-0027902,D.Bryant
44,00-0027939,C.Newton
45,00-0027948,B.Gabbert
46,00-0027973,A.Dalton
47,00-0027974,C.Kaepernick
48,00-0027994,S.Vereen
49,00-0028002,R.Cobb
50,00-0028009,D.Murray
51,00-0028012,R.Mallett
52,00-0028064,B.Powell
53,00-0028090,T.Yates
54,00-0028118,Ty.Taylor
55,00-0028434,D.Baldwin
56,00-0028595,S.Tolzien
57,00-0028664,C.Jones
58,00-0028825,T.Pryor
59,00-0028872,J.Hekker
60,00-0028954,R.Golden
61,00-0028986,C.Keenum
62,00-0029000,C.Beasley
63,00-0029263,R.Wilson
64,00-0029269,T.Benjamin
65,00-0029304,B.Nortman
66,00-0029493,R.Quigley
67,00-0029567,N.Foles
68,00-0029597,J.Tucker
69,00-0029604,K.Cousins
70,00-0029623,A.Tanney
71,00-0029632,M.Sanu
72,00-0029664,J.Gordon
73,00-0029665,R.Griffin III
74,00-0029668,A.Luck
75,00-0029682,B.Osweiler
76,00-0029688,D.Poe
77,00-0029692,B.Anger
78,00-0029701,R.Tannehill
79,00-0029857,R.Griffin
80,00-0029878,M.Gray
81,00-0030085,K.Stills
82,00-0030140,T.Way
83,00-0030151,T.Bray
84,00-0030279,K.Allen
85,00-0030419,M.McGloin
86,00-0030465,K.Barner
87,00-0030506,T.Kelce
88,00-0030520,M.Glennon
89,00-0030524,L.Jones
90,00-0030526,E.Manuel
91,00-0030533,M.Barkley
92,00-0030564,D.Hopkins
93,00-0030565,G.Smith
94,00-0030663,W.Snead
95,00-0030669,A.Wilson
96,00-0030710,T.Burton
97,00-0030990,J.Huff
98,00-0031051,J.Brown
99,00-0031062,J.White
100,00-0031064,T.Savage
101,00-0031076,D.Fales
102,00-0031079,P.O'Donnell
103,00-0031136,C.Boswell
104,00-0031235,O.Beckham
105,00-0031237,T.Bridgewater
106,00-0031260,L.Thomas
107,00-0031280,D.Carr
108,00-0031288,A.McCarron
109,00-0031325,S.Watkins
110,00-0031345,J.Garoppolo
111,00-0031363,M.Palardy
112,00-0031376,J.McKinnon
113,00-0031382,J.Landry
114,00-0031387,E.Ebron
115,00-0031395,G.Gilbert
116,00-0031407,B.Bortles
117,00-0031431,M.Lee
118,00-0031503,J.Winston
119,00-0031543,T.Long
120,00-0031549,N.Agholor
121,00-0031568,B.Petty
122,00-0031588,S.Diggs
123,00-0031589,B.Hundley
124,00-0031800,T.Heinicke
125,00-0031912,C.Meredith
126,00-0031941,J.Crowder
127,00-0031972,D.Jennings
128,00-0032156,T.Siemian
129,00-0032245,S.Mannion
130,00-0032257,D.Johnson Jr.
131,00-0032268,M.Mariota
132,00-0032431,J.Rudock
133,00-0032434,B.Allen
134,00-0032436,J.Driskel
135,00-0032449,L.Edwards
136,00-0032462,T.Boykin
137,00-0032475,T.McEvoy
138,00-0032496,M.Farley
139,00-0032543,A.Erickson
140,00-0032630,J.Callahan
141,00-0032764,D.Henry
142,00-0032784,K.Hogan
143,00-0032792,N.Sudfeld
144,00-0032893,C.Cook
145,00-0032943,R.Dixon
146,00-0032950,C.Wentz
147,00-0033009,T.Boyd
148,00-0033040,T.Hill
149,00-0033077,D.Prescott
150,00-0033098,C.Jones
151,00-0033104,C.Kessler
152,00-0033106,J.Goff
153,00-0033108,P.Lynch
154,00-0033111,P.Cooper
155,00-0033119,J.Brissett
156,00-0033132,K.Byard
157,00-0033251,Z.Pascal
158,00-0033275,P.Walker
159,00-0033280,C.McCaffrey
160,00-0033307,K.Bourne
161,00-0033319,N.Mullens
162,00-0033357,T.Hill
163,00-0033400,M.Haack
164,00-0033466,I.McKenzie
165,00-0033537,D.Watson
166,00-0033556,T.Cohen
167,00-0033572,J.Agnew
168,00-0033662,C.Rush
169,00-0033733,G.Ward
170,00-0033787,J.Elliott
171,00-0033839,D.Westbrook
172,00-0033856,L.Fournette
173,00-0033869,M.Trubisky
174,00-0033873,P.Mahomes
175,00-0033891,Z.Jones
176,00-0033899,D.Kizer
177,00-0033906,A.Kamara
178,00-0033908,C.Kupp
179,00-0033936,C.Beathard
180,00-0033949,J.Dobbs
181,00-0033958,N.Peterman
182,00-0034064,C.Wadman
183,00-0034162,J.Scott
184,00-0034177,T.Boyle
185,00-0034253,D.Hilliard
186,00-0034331,J.Samuels
187,00-0034343,J.Rosen
188,00-0034348,C.Sutton
189,00-0034353,A.Miller
190,00-0034369,K.Lauletta
191,00-0034401,M.White
192,00-0034411,R.Gage
193,00-0034412,L.Falk
194,00-0034418,C.Wilson
195,00-0034437,L.Cooke
196,00-0034438,L.Woodside
197,00-0034577,K.Allen
198,00-0034721,C.Bojorquez
199,00-0034771,M.Rudolph
200,00-0034775,C.Kirk
201,00-0034796,L.Jackson
202,00-0034827,D.Moore
203,00-0034855,B.Mayfield
204,00-0034857,Jos.Allen
205,00-0034860,D.Pettis
206,00-0034869,S.Darnold
207,00-0034899,J.Wolford
208,00-0034955,B.Rypien
209,00-0034959,A.Beck
210,00-0034960,J.Meyers
211,00-0035040,D.Blough
212,00-0035146,T.McSorley
213,00-0035156,J.Fox
214,00-0035228,K.Murray
215,00-0035232,D.Haskins
216,00-0035251,W.Grier
217,00-0035264,J.Stidham
218,00-0035282,E.Stick
219,00-0035289,G.Minshew II
220,00-0035290,J.Johnson
221,00-0035297,K.Harmon
222,00-0035577,D.Hodges
223,00-0035652,R.Finley
224,00-0035704,D.Lock
225,00-0035710,D.Jones
226,00-0035752,C.Streveler
227,00-0035864,K.Hinton
228,00-0035889,T.Townsend
229,00-0035993,T.Huntley
230,00-0036212,T.Tagovailoa
231,00-0036226,J.Eason
232,00-0036264,J.Love
233,00-0036312,J.Luton
234,00-0036320,J.Charlton
235,00-0036322,J.Jefferson
236,00-0036355,J.Herbert
237,00-0036364,L.Bowden
238,00-0036384,B.DiNucci
239,00-0036389,J.Hurts
240,00-0036442,J.Burrow
241,00-0036898,D.Mills
242,00-0036913,K.Toney
243,00-0036945,J.Fields
244,00-0036971,T.Lawrence
245,00-0036972,M.Jones
246,00-0037012,T.Lance
247,00-0037013,Z.Wilson
0,00-0019596,T.Brady
1,00-0020337,S.Smith Sr.
2,00-0020531,D.Brees
3,00-0021547,A.Gates
4,00-0022044,A.Johnson
5,00-0022084,A.Boldin
6,00-0022127,J.Witten
7,00-0022787,M.Schaub
8,00-0022921,L.Fitzgerald
9,00-0022924,B.Roethlisberger
10,00-0022943,B.Watson
11,00-0022999,J.Kuhn
12,00-0023436,A.Smith
13,00-0023459,Aa.Rodgers
14,00-0023496,V.Jackson
15,00-0023500,F.Gore
16,00-0023564,D.Sproles
17,00-0023682,R.Fitzpatrick
18,00-0023894,D.Penn
19,00-0024217,R.Bush
20,00-0024221,V.Davis
21,00-0024242,D.Williams
22,00-0024243,M.Lewis
23,00-0024268,A.Fasano
24,00-0024334,B.Marshall
25,00-0024348,K.Williams
26,00-0024389,De.Walker
27,00-0024535,E.Weems
28,00-0025394,A.Peterson
29,00-0025396,T.Ginn
30,00-0025399,M.Lynch
31,00-0025415,J.Staley
32,00-0025418,G.Olsen
33,00-0025549,B.Celek
34,00-0025580,M.Crosby
35,00-0025944,S.Hauschka
36,00-0026008,M.Mulligan
37,00-0026019,D.Woodhead
38,00-0026035,D.Amendola
39,00-0026069,M.Tolbert
40,00-0026143,M.Ryan
41,00-0026144,D.McFadden
42,00-0026153,J.Stewart
43,00-0026164,C.Johnson
44,00-0026176,J.Nelson
45,00-0026182,E.Royal
46,00-0026184,M.Forte
47,00-0026189,D.Jackson
48,00-0026201,M.Bennett
49,00-0026213,J.Charles
50,00-0026224,H.Douglas
51,00-0026267,J.Tamme
52,00-0026281,G.Barnidge
53,00-0026286,J.Felton
54,00-0026289,T.Hightower
55,00-0026293,M.Slater
56,00-0026298,K.Davis
57,00-0026345,P.Garcon
58,00-0026373,J.Forsett
59,00-0026393,M.Reece
60,00-0026498,M.Stafford
61,00-0026544,C.Daniel
62,00-0026739,J.Norwood
63,00-0026796,A.Foster
64,00-0026855,A.Smith
65,00-0026901,M.Wallace
66,00-0026932,C.Peerman
67,00-0026957,D.Johnson
68,00-0026983,D.Heyward-Bey
69,00-0026986,M.Crabtree
70,00-0026995,J.Maclin
71,00-0026998,P.Harvin
72,00-0027006,K.Britt
73,00-0027029,L.McCoy
74,00-0027057,B.Tate
75,00-0027061,J.Cook
76,00-0027089,L.Murphy
77,00-0027125,Z.Miller
78,00-0027135,B.Myers
79,00-0027139,J.Phillips
80,00-0027150,J.Edelman
81,00-0027155,R.Jennings
82,00-0027215,L.Paulsen
83,00-0027218,J.Bell
84,00-0027265,V.Cruz
85,00-0027321,J.Cumberland
86,00-0027325,L.Blount
87,00-0027440,S.Shields
88,00-0027531,C.Ivory
89,00-0027595,B.Walters
90,00-0027651,D.McCluster
91,00-0027654,A.Benn
92,00-0027656,R.Gronkowski
93,00-0027675,E.Dickson
94,00-0027681,B.LaFell
95,00-0027685,E.Sanders
96,00-0027690,E.Decker
97,00-0027691,A.Roberts
98,00-0027696,J.Graham
99,00-0027714,D.Pitta
100,00-0027725,C.Harbor
101,00-0027732,M.Hoomanawanui
102,00-0027791,J.Starks
103,00-0027793,A.Brown
104,00-0027796,J.Webb
105,00-0027854,S.Bradford
106,00-0027861,C.Spiller
107,00-0027864,R.Mathews
108,00-0027873,J.Gresham
109,00-0027874,De.Thomas
110,00-0027891,G.Tate III
111,00-0027902,D.Bryant
112,00-0027905,W.Tukuafu
113,00-0027918,A.Hawkins
114,00-0027925,J.Develin
115,00-0027939,C.Newton
116,00-0027942,A.Green
117,00-0027944,Ju.Jones
118,00-0027948,B.Gabbert
119,00-0027966,M.Ingram II
120,00-0027973,A.Dalton
121,00-0027981,K.Rudolph
122,00-0027985,L.Kendricks
123,00-0027994,S.Vereen
124,00-0027996,T.Smith
125,00-0028002,R.Cobb
126,00-0028009,D.Murray
127,00-0028011,S.Ridley
128,00-0028040,J.Cameron
129,00-0028042,L.Stocker
130,00-0028050,G.Salas
131,00-0028052,C.Shorts
132,00-0028063,T.Jones
133,00-0028064,B.Powell
134,00-0028067,J.Thomas
135,00-0028074,A.Sherman
136,00-0028083,J.Rodgers
137,00-0028087,D.Lewis
138,00-0028091,J.Kerley
139,00-0028093,N.Paul
140,00-0028097,L.Smith
141,00-0028112,C.Clay
142,00-0028114,D.Harris
143,00-0028116,A.Robinson
144,00-0028118,T.Taylor
145,00-0028121,J.Todman
146,00-0028142,V.Green
147,00-0028149,B.Miller
148,00-0028198,M.Asiata
149,00-0028202,S.Draughn
150,00-0028237,C.Hogan
151,00-0028249,J.Ross
152,00-0028263,A.Holmes
153,00-0028292,N.Bellore
154,00-0028409,D.Harris
155,00-0028411,D.Inman
156,00-0028434,D.Baldwin
157,00-0028497,K.Aiken
158,00-0028581,P.DiMarco
159,00-0028702,C.Matthews
160,00-0028795,C.Reynolds
161,00-0028825,T.Pryor Sr.
162,00-0028838,L.Donnell
163,00-0028903,G.Celek
164,00-0028987,P.Supernaw
165,00-0028994,D.Jones
166,00-0029000,C.Beasley
167,00-0029004,L.Dunbar
168,00-0029033,G.Whalen
169,00-0029068,D.Coleman
170,00-0029091,B.Sowell
171,00-0029119,D.Carrier
172,00-0029129,R.Streater
173,00-0029137,A.Jeffery
174,00-0029141,A.Morris
175,00-0029159,J.Kearse
176,00-0029164,M.Remmers
177,00-0029205,T.Cadet
178,00-0029239,B.Bolden
179,00-0029263,R.Wilson
180,00-0029269,T.Benjamin
181,00-0029273,R.Turbin
182,00-0029275,L.Green
183,00-0029293,M.Jones Jr.
184,00-0029319,J.Bellamy
185,00-0029336,B.Golden
186,00-0029384,B.Rainey
187,00-0029388,D.Thompson
188,00-0029391,S.McGrath
189,00-0029394,B.Bersin
190,00-0029414,O.Charles
191,00-0029419,D.Kelly
192,00-0029492,J.Olawale
193,00-0029510,J.Grimes
194,00-0029528,B.Massie
195,00-0029567,N.Foles
196,00-0029572,J.Wright
197,00-0029580,R.Matthews
198,00-0029587,R.Ellison
199,00-0029592,K.Zeitler
200,00-0029601,B.Bostick
201,00-0029604,K.Cousins
202,00-0029608,T.Hilton
203,00-0029613,D.Martin
204,00-0029615,L.Miller
205,00-0029626,I.Pead
206,00-0029632,M.Sanu Sr.
207,00-0029634,J.Hanna
208,00-0029638,M.Floyd
209,00-0029640,B.Quick
210,00-0029664,J.Gordon
211,00-0029668,A.Luck
212,00-0029682,B.Osweiler
213,00-0029683,R.Hillman
214,00-0029689,D.Allen
215,00-0029697,C.Fleener
216,00-0029701,R.Tannehill
217,00-0029708,K.Wright
218,00-0029731,F.Whittaker
219,00-0029738,D.Fells
220,00-0029740,I.Momah
221,00-0029764,Co.Davis
222,00-0029793,B.Williams
223,00-0029795,B.Cunningham
224,00-0029848,N.Williams
225,00-0029854,C.Anderson
226,00-0029878,M.Gray
227,00-0029892,K.Juszczyk
228,00-0029931,Z.Line
229,00-0030035,A.Thielen
230,00-0030047,M.Wilson
231,00-0030061,Z.Ertz
232,00-0030068,M.Goodwin
233,00-0030085,K.Stills
234,00-0030089,L.Willson
235,00-0030091,T.King
236,00-0030097,D.Quessenberry
237,00-0030107,T.Riddick
238,00-0030108,R.Griffin
239,00-0030112,T.Bohanon
240,00-0030113,C.Johnson
241,00-0030117,K.Williams
242,00-0030147,R.Shepard
243,00-0030155,D.Harris
244,00-0030181,J.Doyle
245,00-0030187,R.Ross
246,00-0030197,D.Lacey
247,00-0030216,J.Hill
248,00-0030279,K.Allen
249,00-0030280,K.Davis
250,00-0030287,A.Ellington
251,00-0030288,R.Burkhead
252,00-0030290,C.Hamilton
253,00-0030300,Ja.Brown
254,00-0030391,M.James
255,00-0030404,C.Thompson
256,00-0030414,S.Ware
257,00-0030422,D.Sims
258,00-0030431,R.Woods
259,00-0030432,C.Michael
260,00-0030433,M.Gillislee
261,00-0030443,L.Toilolo
262,00-0030450,Q.Patton
263,00-0030456,G.Bernard
264,00-0030460,M.Wheaton
265,00-0030465,K.Barner
266,00-0030470,V.McDonald
267,00-0030472,J.Reed
268,00-0030485,E.Lacy
269,00-0030496,L.Bell
270,00-0030506,T.Kelce
271,00-0030513,L.Murray
272,00-0030514,M.Rivera
273,00-0030516,B.Butler
274,00-0030521,J.Hunter
275,00-0030525,T.Austin
276,00-0030533,M.Barkley
277,00-0030542,T.Williams
278,00-0030544,G.Escobar
279,00-0030547,D.Robinson
280,00-0030549,T.Eifert
281,00-0030564,D.Hopkins
282,00-0030578,C.Patterson
283,00-0030584,E.Fisher
284,00-0030648,A.Villanueva
285,00-0030656,I.Crowell
286,00-0030663,W.Snead IV
287,00-0030668,C.West
288,00-0030669,A.Wilson
289,00-0030670,B.Fowler
290,00-0030671,I.Burse
291,00-0030691,J.Butler
292,00-0030705,J.Thompson
293,00-0030710,T.Burton
294,00-0030711,D.Fluellen
295,00-0030737,F.Martino
296,00-0030741,R.Nix
297,00-0030743,B.Reedy
298,00-0030758,J.Perillo
299,00-0030780,R.Hewitt
300,00-0030801,B.Coleman
301,00-0030805,J.Hamm
302,00-0030821,A.Hurns
303,00-0030828,D.Tialavea
304,00-0030854,E.Swoope
305,00-0030856,T.Washington
306,00-0030860,O.Darkwa
307,00-0030874,Dam.Williams
308,00-0030968,K.Smith
309,00-0030990,J.Huff
310,00-0030992,C.Gillmore
311,00-0031001,J.Janis
312,00-0031021,J.Abbrederis
313,00-0031023,Q.Enunwa
314,00-0031025,M.Campanaro
315,00-0031035,X.Grimble
316,00-0031042,J.Amaro
317,00-0031044,T.Niklas
318,00-0031045,C.Hyde
319,00-0031051,Jo.Brown
320,00-0031055,A.Williams
321,00-0031057,K.Carey
322,00-0031060,D.Thomas
323,00-0031062,J.White
324,00-0031066,L.Taliaferro
325,00-0031068,R.Grant
326,00-0031075,A.Blue
327,00-0031085,J.Prosch
328,00-0031102,K.Bibbs
329,00-0031118,C.Brown
330,00-0031151,M.Williams
331,00-0031166,S.Roberts
332,00-0031167,S.Simonson
333,00-0031189,T.Jones
334,00-0031209,S.Perry
335,00-0031228,T.Gabriel
336,00-0031235,O.Beckham Jr.
337,00-0031236,B.Cooks
338,00-0031257,P.Richardson
339,00-0031260,L.Thomas
340,00-0031268,W.Powell
341,00-0031273,C.Brate
342,00-0031277,B.Oliver
343,00-0031280,D.Carr
344,00-0031285,D.Freeman
345,00-0031291,J.Wright
346,00-0031299,J.Matthews
347,00-0031301,J.Hill
348,00-0031302,C.Fiedorowicz
349,00-0031310,D.Street
350,00-0031315,M.Hazel
351,00-0031319,D.Spencer
352,00-0031325,S.Watkins
353,00-0031326,B.Ellington
354,00-0031332,F.Toussaint
355,00-0031339,D.Moncrief
356,00-0031344,C.Latimer
357,00-0031345,J.Garoppolo
358,00-0031357,C.Goodwin
359,00-0031359,K.Benjamin
360,00-0031373,M.Bryant
361,00-0031375,T.West
362,00-0031376,J.McKinnon
363,00-0031381,D.Adams
364,00-0031382,J.Landry
365,00-0031384,R.Rodgers
366,00-0031387,E.Ebron
367,00-0031390,C.Sims III
368,00-0031407,B.Bortles
369,00-0031408,M.Evans
370,00-0031418,A.Seferian-Jenkins
371,00-0031428,A.Robinson II
372,00-0031431,M.Lee
373,00-0031442,T.Lewan
374,00-0031462,J.Cunningham
375,00-0031484,C.Manhertz
376,00-0031511,D.White
377,00-0031514,Q.Bray
378,00-0031533,R.Telfer
379,00-0031544,A.Cooper
380,00-0031545,K.White
381,00-0031547,D.Parker
382,00-0031549,N.Agholor
383,00-0031550,S.Thompson
384,00-0031558,M.Williams
385,00-0031560,J.Strong
386,00-0031569,J.Langford
387,00-0031570,J.Hardy
388,00-0031577,J.Allen
389,00-0031585,M.Pruitt
390,00-0031588,S.Diggs
391,00-0031589,B.Hundley
392,00-0031590,J.Ajayi
393,00-0031595,M.Burton
394,00-0031598,N.Boyle
395,00-0031599,C.Artis-Payne
396,00-0031600,K.Mumphery
397,00-0031609,A.Derby
398,00-0031610,D.Waller
399,00-0031612,A.Ripkowski
400,00-0031626,B.Mihalik
401,00-0031665,Z.Zenner
402,00-0031682,T.Ward
403,00-0031684,S.Wynn
404,00-0031687,R.Mostert
405,00-0031690,E.Tomlinson
406,00-0031697,J.Taylor
407,00-0031706,P.Lasike
408,00-0031731,C.Grant
409,00-0031732,C.Hamlett
410,00-0031743,A.Hunt
411,00-0031744,M.LaCosse
412,00-0031746,G.Farmer
413,00-0031757,L.Whitehead
414,00-0031763,D.Carter
415,00-0031782,E.Rogers
416,00-0031787,J.Kumerow
417,00-0031788,M.Lengel
418,00-0031793,T.Watson
419,00-0031800,T.Heinicke
420,00-0031801,J.Leslie
421,00-0031806,M.Brown
422,00-0031818,B.Marquez
423,00-0031834,L.Pinkard
424,00-0031854,C.Harper
425,00-0031868,D.Byrd
426,00-0031884,G.Holmes
427,00-0031897,T.Rawls
428,00-0031900,R.Smith
429,00-0031912,C.Meredith
430,00-0031921,K.Lamm
431,00-0031922,K.Lee
432,00-0031934,D.Smith
433,00-0031939,M.Jones
434,00-0031941,J.Crowder
435,00-0031951,J.O'Shaughnessy
436,00-0031953,G.Davis
437,00-0031959,M.Murphy
438,00-0031972,D.Jennings
439,00-0032004,W.Tye
440,00-0032007,Q.Dunbar
441,00-0032009,A.Humphries
442,00-0032012,I.Fruechte
443,00-0032048,M.Brown
444,00-0032054,B.Perriman
445,00-0032055,D.Funchess
446,00-0032058,T.Coleman
447,00-0032062,B.Bell
448,00-0032063,M.Davis
449,00-0032064,D.Smelter
450,00-0032068,M.Johnson
451,00-0032070,D.Lewis
452,00-0032089,B.Parker
453,00-0032098,D.Brown
454,00-0032104,A.Abdullah
455,00-0032112,J.Nelson
456,00-0032115,K.Clay
457,00-0032117,N.O'Leary
458,00-0032120,N.Sterling
459,00-0032123,T.McBride
460,00-0032128,C.Conley
461,00-0032130,J.Fowler
462,00-0032134,C.Uzomah
463,00-0032135,J.James
464,00-0032139,B.Koyack
465,00-0032141,G.Swaim
466,00-0032144,M.Gordon
467,00-0032145,C.Erving
468,00-0032147,T.Sambrailo
469,00-0032160,Ty.Williams
470,00-0032166,S.Coates
471,00-0032170,R.Greene
472,00-0032187,Da.Johnson
473,00-0032188,V.Mayle
474,00-0032190,G.Christian
475,00-0032196,J.Fisher
476,00-0032200,T.Montgomery
477,00-0032208,P.Dorsett II
478,00-0032209,T.Yeldon
479,00-0032211,T.Lockett
480,00-0032214,T.Kroft
481,00-0032218,D.Green-Beckham
482,00-0032227,J.Heuerman
483,00-0032241,T.Gurley
484,00-0032250,K.Williams
485,00-0032256,C.Walford
486,00-0032257,Du.Johnson
487,00-0032268,M.Mariota
488,00-0032298,B.Hill
489,00-0032319,R.Travis
490,00-0032355,C.Rogers
491,00-0032362,M.Harris
492,00-0032365,D.Ayers
493,00-0032371,R.Kelley
494,00-0032375,J.Kerridge
495,00-0032377,J.Ferguson
496,00-0032381,T.Decker
497,00-0032383,R.Kelly
498,00-0032385,S.Shepard
499,00-0032392,A.Hooper
500,00-0032393,C.Prosise
501,00-0032394,N.Vannett
502,00-0032398,C.Moore
503,00-0032400,M.Mitchell
504,00-0032404,T.Ervin
505,00-0032407,A.Lewis
506,00-0032411,K.Dixon
507,00-0032417,P.Perkins
508,00-0032419,J.Haeg
509,00-0032423,T.Davis
510,00-0032426,A.Collins
511,00-0032429,J.Adams
512,00-0032430,D.Morgan
513,00-0032434,B.Allen
514,00-0032436,J.Driskel
515,00-0032441,A.Burbridge
516,00-0032442,E.Roberts
517,00-0032450,D.Washington
518,00-0032464,K.Raymond
519,00-0032466,G.Fant
520,00-0032472,T.Madden
521,00-0032475,T.McEvoy
522,00-0032482,B.Addison
523,00-0032508,H.Valles
524,00-0032515,B.Bowman
525,00-0032523,H.Krieger Coble
526,00-0032540,T.Carson
527,00-0032543,A.Erickson
528,00-0032562,C.Wick
529,00-0032577,D.Foster
530,00-0032593,B.Wilds
531,00-0032599,J.Perkins
532,00-0032602,J.McKissic
533,00-0032626,G.Allison
534,00-0032634,D.Grinnage
535,00-0032636,D.Jackson
536,00-0032650,R.Malleck
537,00-0032656,D.Powe
538,00-0032659,R.Lewis
539,00-0032661,B.Braunecker
540,00-0032679,P.McRoberts
541,00-0032688,Ro.Anderson
542,00-0032694,J.Marshall
543,00-0032705,E.Eagan
544,00-0032707,A.Jones
545,00-0032724,B.Treggs
546,00-0032725,S.Anderson
547,00-0032728,T.Jones
548,00-0032739,W.Williams
549,00-0032740,L.Thomas
550,00-0032741,P.Barber
551,00-0032745,A.Cross
552,00-0032760,J.Doctson
553,00-0032764,D.Henry
554,00-0032765,M.Thomas
555,00-0032775,D.Robinson
556,00-0032778,T.Sharpe
557,00-0032780,Jo.Howard
558,00-0032782,W.Smallwood
559,00-0032791,J.Grant
560,00-0032794,D.Vitale
561,00-0032795,C.Core
562,00-0032801,D.Braverman
563,00-0032804,D.Lasco
564,00-0032813,E.Penny
565,00-0032827,L.Wester
566,00-0032839,H.Sharp
567,00-0032841,P.Turner
568,00-0032864,A.Ellis
569,00-0032881,T.Lewis
570,00-0032897,D.Watt
571,00-0032902,K.Farrow
572,00-0032911,S.Pulley
573,00-0032918,C.Ham
574,00-0032926,K.Brent
575,00-0032935,J.Holton
576,00-0032937,M.McCaffrey
577,00-0032940,D.Washington
578,00-0032945,D.Williams
579,00-0032950,C.Wentz
580,00-0032951,L.Treadwell
581,00-0032956,A.Janovich
582,00-0032959,C.Peake
583,00-0032964,B.Marshall
584,00-0032966,C.Coleman
585,00-0032972,D.Booker
586,00-0032974,J.Payton
587,00-0032975,J.Williams
588,00-0032977,R.Higgins
589,00-0032980,M.Johnson
590,00-0032986,J.Holtz
591,00-0033006,J.Mickens
592,00-0033009,T.Boyd
593,00-0033025,J.Richard
594,00-0033040,T.Hill
595,00-0033043,A.Traylor
596,00-0033045,E.Elliott
597,00-0033049,D.Jackson
598,00-0033054,R.Gathers
599,00-0033060,L.Carroo
600,00-0033069,B.Miller
601,00-0033077,D.Prescott
602,00-0033079,R.Louis
603,00-0033080,S.DeValve
604,00-0033085,J.Hawkins
605,00-0033087,M.Bundy
606,00-0033090,H.Henry
607,00-0033094,M.Hall
608,00-0033095,G.Griffin
609,00-0033110,T.Higbee
610,00-0033111,P.Cooper
611,00-0033112,T.Hemingway
612,00-0033114,M.Thomas
613,00-0033118,K.Drake
614,00-0033119,J.Brissett
615,00-0033127,W.Fuller V
616,00-0033132,K.Byard
617,00-0033164,T.Pope
618,00-0033215,C.Grayson
619,00-0033217,M.Alie-Cox
620,00-0033246,J.Mundt
621,00-0033251,Z.Pascal
622,00-0033258,D.Daniels
623,00-0033266,J.Natson
624,00-0033275,P.Walker
625,00-0033280,C.McCaffrey
626,00-0033282,C.Samuel
627,00-0033288,G.Kittle
628,00-0033292,T.Taylor
629,00-0033293,A.Jones
630,00-0033295,E.McGuire
631,00-0033296,A.Armah
632,00-0033304,D.Mays
633,00-0033306,V.Bolden
634,00-0033307,K.Bourne
635,00-0033308,M.Breida
636,00-0033315,C.Hikutini
637,00-0033338,C.Carter
638,00-0033352,M.Clark
639,00-0033357,T.Hill
640,00-0033367,C.Board
641,00-0033373,T.Mizzell
642,00-0033374,R.Ortiz
643,00-0033375,T.Patrick
644,00-0033376,P.Ricard
645,00-0033379,T.White
646,00-0033382,A.Carr
647,00-0033386,C.Hollister
648,00-0033387,J.Hollister
649,00-0033413,D.Smith
650,00-0033421,A.Auclair
651,00-0033434,B.Wilson
652,00-0033439,P.Brown
653,00-0033441,K.Hatcher
654,00-0033449,I.Whitney
655,00-0033455,A.Firkser
656,00-0033460,J.Ross III
657,00-0033464,J.Chesson
658,00-0033466,I.McKenzie
659,00-0033471,I.Ford
660,00-0033474,G.Dieter
661,00-0033481,M.Kemp
662,00-0033514,E.Byrd
663,00-0033526,S.Perine
664,00-0033528,J.Sprinkle
665,00-0033530,R.Davis
666,00-0033536,M.Williams
667,00-0033537,D.Watson
668,00-0033553,J.Conner
669,00-0033555,M.Hollins
670,00-0033556,T.Cohen
671,00-0033559,M.Roberts
672,00-0033562,R.Switzer
673,00-0033564,J.Butt
674,00-0033567,B.Hill
675,00-0033572,J.Agnew
676,00-0033573,S.Gibson
677,00-0033576,E.Saubert
678,00-0033581,D.Henderson
679,00-0033589,D.Moore
680,00-0033591,N.Brown
681,00-0033594,C.Carson
682,00-0033596,M.Dayes
683,00-0033604,K.Hogan
684,00-0033611,R.Seals-Jones
685,00-0033627,J.Croom
686,00-0033633,T.Gentry
687,00-0033658,B.Jarwin
688,00-0033681,K.Cole Sr.
689,00-0033696,S.Culkin
690,00-0033699,A.Ekeler
691,00-0033705,A.Patton
692,00-0033717,T.Rudolph
693,00-0033720,C.Thompson
694,00-0033725,C.Clement
695,00-0033733,G.Ward
696,00-0033742,T.Swoopes
697,00-0033748,T.Green
698,00-0033757,R.Tonyan
699,00-0033770,J.Hardee
700,00-0033773,R.McCarron
701,00-0033789,T.Logan
702,00-0033796,M.Williams
703,00-0033798,M.Schreck
704,00-0033838,Tr.Edmunds
705,00-0033839,D.Westbrook
706,00-0033840,C.Hansen
707,00-0033854,D.Ogunbowale
708,00-0033855,C.Thompson
709,00-0033856,L.Fournette
710,00-0033857,J.Smith-Schuster
711,00-0033858,J.Smith
712,00-0033859,J.Malone
713,00-0033871,C.Davis
714,00-0033873,P.Mahomes
715,00-0033878,A.Jackson
716,00-0033879,O.Howard
717,00-0033881,E.Engram
718,00-0033885,D.Njoku
719,00-0033891,Z.Jones
720,00-0033893,D.Cook
721,00-0033895,G.Everett
722,00-0033896,A.Shaheen
723,00-0033897,J.Mixon
724,00-0033904,D.Dawkins
725,00-0033906,A.Kamara
726,00-0033908,C.Kupp
727,00-0033911,T.Taylor
728,00-0033916,A.Stewart
729,00-0033921,C.Godwin
730,00-0033923,K.Hunt
731,00-0033925,D.Foreman
732,00-0033928,J.Lewis
733,00-0033932,K.Golladay
734,00-0033933,C.Williams
735,00-0033937,A.Darboh
736,00-0033943,J.Reynolds
737,00-0033948,J.Williams
738,00-0033950,W.Gallman Jr.
739,00-0033951,M.Mack
740,00-0033953,J.Leggett
741,00-0033955,J.McNichols
742,00-0033968,S.Coley
743,00-0033994,F.Brown
744,00-0034011,D.Arnold
745,00-0034034,R.Davis
746,00-0034052,B.Zylstra
747,00-0034054,R.Cracraft
748,00-0034073,R.Dwelley
749,00-0034081,S.Mitchell
750,00-0034101,M.Flanagan
751,00-0034104,C.Sims
752,00-0034109,P.Lindsay
753,00-0034115,J.Wilson
754,00-0034132,C.Blake
755,00-0034159,W.Dissly
756,00-0034164,T.Cannon
757,00-0034169,M.Baugh
758,00-0034171,J.Cabinda
759,00-0034184,G.Edwards
760,00-0034192,N.Keizer
761,00-0034193,K.Rader
762,00-0034201,D.Turner
763,00-0034207,J.Badet
764,00-0034208,M.Boone
765,00-0034221,R.Thomas
766,00-0034253,D.Hilliard
767,00-0034256,D.Scott
768,00-0034258,D.Willies
769,00-0034267,J.Scott
770,00-0034268,J.Moore
771,00-0034270,T.Conklin
772,00-0034272,M.Valdes-Scantling
773,00-0034273,D.Ratley
774,00-0034279,E.St. Brown
775,00-0034286,R.James Jr.
776,00-0034297,B.Pringle
777,00-0034301,Darr.Williams
778,00-0034309,C.Beebe
779,00-0034311,J.Stanton
780,00-0034317,K.Kirkwood
781,00-0034319,D.Yelder
782,00-0034331,J.Samuels
783,00-0034339,T.Quinn
784,00-0034348,C.Sutton
785,00-0034349,K.Johnson
786,00-0034351,D.Goedert
787,00-0034353,A.Miller
788,00-0034358,D.Guice
789,00-0034364,J.Akins
790,00-0034365,I.Thomas
791,00-0034366,K.Coutee
792,00-0034367,N.Hines
793,00-0034370,D.Hamilton
794,00-0034378,I.Smith
795,00-0034383,D.Schultz
796,00-0034386,J.Watson
797,00-0034389,D.Cruikshank
798,00-0034391,S.Neal
799,00-0034393,T.Fumagalli
800,00-0034395,D.Fountain
801,00-0034399,W.Teller
802,00-0034400,J.Wilkins
803,00-0034406,D.Cain
804,00-0034407,R.McCloud
805,00-0034411,R.Gage
806,00-0034414,B.Scott
807,00-0034418,C.Wilson
808,00-0034419,B.Berrios
809,00-0034420,J.Thomas
810,00-0034426,J.Wims
811,00-0034432,B.Scarbrough
812,00-0034433,N.Bawden
813,00-0034439,R.Izzo
814,00-0034440,J.Jackson
815,00-0034445,N.Gates
816,00-0034449,B.Howell
817,00-0034457,J.Adams
818,00-0034487,T.Sherfield
819,00-0034489,J.Tolliver
820,00-0034490,E.Turner
821,00-0034499,J.Davis
822,00-0034509,K.Ford
823,00-0034510,R.Foster
824,00-0034512,C.Phillips
825,00-0034521,A.Lazard
826,00-0034532,J.Franks
827,00-0034560,J.Jones
828,00-0034565,D.Newsome
829,00-0034578,R.Bonnafon
830,00-0034593,C.Lacy
831,00-0034597,R.Nall
832,00-0034613,T.Hudson
833,00-0034614,G.Igwebuike
834,00-0034621,S.Wilson
835,00-0034631,V.Smith
836,00-0034646,B.Powell
837,00-0034652,C.Batson
838,00-0034653,D.Burnett
839,00-0034654,D.Dawkins
840,00-0034660,R.Gafford
841,00-0034676,J.Washington
842,00-0034679,M.Walton
843,00-0034681,C.Edmonds
844,00-0034686,A.Tate
845,00-0034710,D.Kidsy
846,00-0034735,C.McElroy
847,00-0034747,M.Ateman
848,00-0034750,R.Penny
849,00-0034753,M.Andrews
850,00-0034764,M.Gallup
851,00-0034765,T.Smith
852,00-0034766,C.Herndon
853,00-0034772,A.Callaway
854,00-0034773,V.Vea
855,00-0034775,C.Kirk
856,00-0034777,D.Chark Jr.
857,00-0034788,J.Graham
858,00-0034791,N.Chubb
859,00-0034794,J.Sanders
860,00-0034796,L.Jackson
861,00-0034798,D.Smythe
862,00-0034799,K.Ballage
863,00-0034808,J.Kelly
864,00-0034816,R.Jones II
865,00-0034827,Dj.Moore
866,00-0034829,M.Gesicki
867,00-0034830,H.Hurst
868,00-0034834,S.Hubbard
869,00-0034837,C.Ridley
870,00-0034838,R.Freeman
871,00-0034844,S.Barkley
872,00-0034845,S.Michel
873,00-0034854,K.Hodge
874,00-0034855,B.Mayfield
875,00-0034857,J.Allen
876,00-0034860,D.Pettis
877,00-0034867,M.Turner
878,00-0034903,T.Campbell
879,00-0034922,I.Hyman
880,00-0034928,S.Sims
881,00-0034930,T.Benson
882,00-0034959,A.Beck
883,00-0034960,J.Meyers
884,00-0034970,I.Smith
885,00-0034972,A.Mattison
886,00-0034975,J.Hill
887,00-0034981,F.Moreau
888,00-0034983,H.Renfrow
889,00-0034988,K.Smith
890,00-0035006,O.Johnson
891,00-0035013,J.Hilliman
892,00-0035021,A.Dulin
893,00-0035022,P.Hart
894,00-0035025,H.Hentges
895,00-0035039,S.Carlson
896,00-0035040,D.Blough
897,00-0035099,K.Blasingame
898,00-0035102,B.Dillon
899,00-0035104,A.Hollins
900,00-0035120,K.Doss
901,00-0035125,A.Ingold
902,00-0035126,A.Wesley
903,00-0035140,M.Hardman
904,00-0035148,D.Thompson
905,00-0035181,D.Shepherd
906,00-0035184,D.Ozigbo
907,00-0035187,A.Walter
908,00-0035208,O.Zaccheaus
909,00-0035215,D.Harris
910,00-0035216,Di.Johnson
911,00-0035217,B.Snell Jr.
912,00-0035222,Z.Gentry
913,00-0035229,T.Hockenson
914,00-0035231,C.Wilkins
915,00-0035235,K.McGary
916,00-0035243,M.Sanders
917,00-0035246,J.Arcega-Whiteside
918,00-0035249,J.Oliver
919,00-0035250,D.Singletary
920,00-0035259,T.Wesco
921,00-0035261,T.Pollard
922,00-0035268,R.Armstead
923,00-0035273,Q.Ollison
924,00-0035287,K.Johnson
925,00-0035289,G.Minshew II
926,00-0035291,T.Williams
927,00-0035297,K.Harmon
928,00-0035298,S.Miller
929,00-0035304,C.Gillaspia
930,00-0035308,T.Sweeney
931,00-0035310,C.Cox
932,00-0035311,M.Gaskin
933,00-0035313,T.Godwin
934,00-0035329,D.Parham Jr.
935,00-0035341,T.Irwin
936,00-0035342,P.Laird
937,00-0035350,P.Williams
938,00-0035359,D.Sills
939,00-0035374,M.Walker
940,00-0035399,S.Morgan
941,00-0035401,D.Willis
942,00-0035406,L.Humphrey
943,00-0035414,J.Guyton
944,00-0035432,J.Moore
945,00-0035457,Ty.Johnson
946,00-0035480,M.Taylor
947,00-0035489,W.Hills
948,00-0035510,J.Smith
949,00-0035527,A.Isabella
950,00-0035529,H.Butler
951,00-0035535,D.Slayton
952,00-0035537,T.Johnson
953,00-0035539,I.Nauta
954,00-0035544,T.Kennedy
955,00-0035547,J.Fortson
956,00-0035548,V.Bryant
957,00-0035553,C.Jones
958,00-0035562,J.Horsted
959,00-0035567,C.Reynolds
960,00-0035572,P.Hesse
961,00-0035588,G.Bradbury
962,00-0035590,R.Ridley
963,00-0035592,T.Fulgham
964,00-0035593,J.Winfree
965,00-0035594,T.Homer
966,00-0035596,K.Whyte Jr.
967,00-0035597,J.Ursua
968,00-0035624,N.Harry
969,00-0035628,D.Johnson
970,00-0035631,D.Sample
971,00-0035632,A.Hooker
972,00-0035639,P.Campbell
973,00-0035640,DK.Metcalf
974,00-0035644,N.Fant
975,00-0035645,G.Olszewski
976,00-0035657,D.Harris
977,00-0035659,T.McLaurin
978,00-0035660,K.Warring
979,00-0035662,M.Brown
980,00-0035664,D.Henderson
981,00-0035665,D.Long
982,00-0035669,N.Scott
983,00-0035671,J.Sternberger
984,00-0035676,A.Brown
985,00-0035685,D.Montgomery
986,00-0035686,M.Deiter
987,00-0035689,D.Knox
988,00-0035700,J.Jacobs
989,00-0035703,M.Boykin
990,00-0035710,D.Jones
991,00-0035715,D.Gore
992,00-0035719,D.Samuel
993,00-0035726,Jak.Johnson
994,00-0035806,J.Hasty
995,00-0035823,B.Ellefson
996,00-0035831,J.Robinson
997,00-0035844,K.Merritt
998,00-0035848,D.Harris
999,00-0035860,T.Jones
1000,00-0035864,K.Hinton
1001,00-0035869,A.Mack
1002,00-0035891,C.White
1003,00-0035908,G.Nabers
1004,00-0035912,L.Bellamy
1005,00-0035924,J.Ward
1006,00-0035957,R.Smith
1007,00-0036000,A.Killins
1008,00-0036005,N.Togiai
1009,00-0036008,H.Bryant
1010,00-0036011,B.Price
1011,00-0036020,S.Ahmed
1012,00-0036032,S.McKeon
1013,00-0036040,J.Johnson
1014,00-0036069,S.Phillips
1015,00-0036096,J.Taylor
1016,00-0036100,I.Zuber
1017,00-0036110,J.Bradley
1018,00-0036133,J.Proche
1019,00-0036142,I.Wright
1020,00-0036145,L.Cager
1021,00-0036158,J.Dobbins
1022,00-0036171,A.Brewer
1023,00-0036173,T.Hudson
1024,00-0036182,N.Westbrook-Ikhine
1025,00-0036187,R.Gilliam
1026,00-0036188,A.Williams
1027,00-0036194,D.Asiasi
1028,00-0036196,G.Davis
1029,00-0036215,D.Pinter
1030,00-0036219,M.Callaway
1031,00-0036223,J.Taylor
1032,00-0036225,D.Keene
1033,00-0036228,D.Patmon
1034,00-0036232,H.Bryant
1035,00-0036233,D.Peoples-Jones
1036,00-0036244,C.Parkinson
1037,00-0036245,M.Perry
1038,00-0036247,F.Swain
1039,00-0036250,T.Davis
1040,00-0036251,Z.Moss
1041,00-0036252,M.Pittman
1042,00-0036254,C.Johnson
1043,00-0036255,D.Mims
1044,00-0036259,J.Jennings
1045,00-0036261,B.Aiyuk
1046,00-0036265,A.Dillon
1047,00-0036268,L.Shenault Jr.
1048,00-0036269,L.Perine
1049,00-0036271,Q.Watkins
1050,00-0036275,D.Swift
1051,00-0036277,Q.Cephus
1052,00-0036278,J.Huntley
1053,00-0036290,C.Kmet
1054,00-0036297,D.Evans
1055,00-0036309,D.Mooney
1056,00-0036322,J.Jefferson
1057,00-0036326,C.Claypool
1058,00-0036328,A.Gibson
1059,00-0036331,D.Duvernay
1060,00-0036332,J.Deguara
1061,00-0036336,A.McFarland
1062,00-0036340,A.Gandy-Golden
1063,00-0036345,K.Osborn
1064,00-0036357,H.Ruggs
1065,00-0036358,C.Lamb
1066,00-0036360,C.Edwards-Helaire
1067,00-0036364,L.Bowden
1068,00-0036365,B.Edwards
1069,00-0036370,J.Kelley
1070,00-0036377,J.Reed
1071,00-0036382,K.Hill Jr.
1072,00-0036387,J.Reagor
1073,00-0036389,J.Hurts
1074,00-0036398,J.Hightower
1075,00-0036407,J.Jeudy
1076,00-0036410,T.Higgins
1077,00-0036412,K.Hamler
1078,00-0036414,C.Akers
1079,00-0036415,V.Jefferson
1080,00-0036422,A.Trautman
1081,00-0036423,A.Okwuegbunam
1082,00-0036425,D.Dallas
1083,00-0036427,T.Johnson
1084,00-0036429,C.Woerner
1085,00-0036439,T.Cleveland
1086,00-0036450,K.Vaughn
1087,00-0036456,D.Dafney
1088,00-0036457,T.Williams
1089,00-0036482,M.Strachan
1090,00-0036550,R.Bateman
1091,00-0036554,N.Collins
1092,00-0036555,C.Hubbard
1093,00-0036556,B.Jordan
1094,00-0036567,E.Mitchell
1095,00-0036569,G.Brightwell
1096,00-0036572,S.Smith
1097,00-0036613,J.Waddle
1098,00-0036620,D.Eskridge
1099,00-0036626,D.Brown
1100,00-0036628,J.Bates
1101,00-0036635,I.Smith-Marsette
1102,00-0036637,N.Gray
1103,00-0036650,L.Rountree
1104,00-0036652,R.McMath
1105,00-0036654,D.Felton
1106,00-0036669,K.Hill
1107,00-0036670,J.Jefferson
1108,00-0036671,D.Milne
1109,00-0036741,J.Stoll
1110,00-0036755,J.Patterson
1111,00-0036857,C.Evans
1112,00-0036862,B.Skowronek
1113,00-0036875,R.Stevenson
1114,00-0036876,K.Granson
1115,00-0036877,J.Darden
1116,00-0036887,L.Farrell
1117,00-0036893,N.Harris
1118,00-0036894,P.Freiermuth
1119,00-0036900,J.Chase
1120,00-0036906,K.Herbert
1121,00-0036912,D.Smith
1122,00-0036913,K.Toney
1123,00-0036919,K.Gainwell
1124,00-0036924,Mi.Carter
1125,00-0036936,R.Moore
1126,00-0036955,T.Marshall
1127,00-0036963,A.St. Brown
1128,00-0036970,K.Pitts
1129,00-0036980,E.Moore
1130,00-0036984,T.Sermon
1131,00-0036988,J.Palmer
1132,00-0036991,Am.Rodgers
1133,00-0036997,J.Williams
1134,00-0036999,A.Schwartz
1135,00-0037004,H.Long
1136,00-0037005,T.Tremble
